{
  "yaw_bias": -1.9640071463944548,
  "pitch_bias": -0.3149215134322595,
  "radar_pos": [
    0,
    0,
    0
  ],
  "optical_pos": [
    2,
    1,
    0
  ]
}