{
  "dx": -1350.8069546328627,
  "dy": 1748.5231197904711,
  "dz": -136.12390528427096,
  "timestamp": 1778208556.2499962,
  "sample_count": 6,
  "use_position": true,
  "method": "bearing_only"
}